DATE,OPEN,HIGH,LOW,PREV. CLOSE,LTP,CLOSE,VWAP,52W H,52W L,VOLUME,VALUE,NO OF TRADES
2023-06-16,0.6971474273527059,0.707388636969859,0.7379220779220774,0.690775681341719,0.7099396800419617,0.715670859538784,0.7205944573725409,1.0,1.0,0.1553979286042857,0.19508745611402364,0.2172310964713664
2023-06-15,0.7358037856571582,0.7180581488396909,0.7285714285714286,0.7434486373165612,0.6928927353789667,0.690775681341719,0.7248254707002326,1.0,1.0,0.2467956900305719,0.31027132974921245,0.3176954052037904
2023-06-14,0.7411356971474272,0.7279274473192849,0.7805194805194806,0.7426624737945491,0.7432467873065831,0.7434486373165612,0.7537550243283269,1.0,1.0,0.09108551561876228,0.11655780650600206,0.11131571678482645
2023-06-13,0.7541988802985875,0.7431315017337958,0.7753246753246752,0.7544549266247378,0.7432467873065831,0.7426624737945491,0.751004865665327,1.0,1.0,0.1545639793132474,0.19680105669309825,0.2543889482871687
2023-06-12,0.7571314316182352,0.7436649773272874,0.7932467532467533,0.7547169811320753,0.7547862575399944,0.7544549266247378,0.7665009519779988,1.0,1.0,0.08826750586972736,0.11378947036833181,0.12442384190578913
2023-06-09,0.799786723540389,0.7842091224326491,0.7883116883116883,0.8060796645702304,0.7560975609756095,0.7547169811320753,0.774116775967844,1.0,1.0,0.26300396789565544,0.33732821766639554,0.35766053037548695
2023-06-08,0.8101839509464144,0.8100826887169918,0.8381818181818184,0.8097484276729561,0.8043535274062421,0.8060796645702304,0.8291199492278403,1.0,1.0,0.21278203684871344,0.2795430653119165,0.14626570635620056
2023-06-07,0.799786723540389,0.792211256335023,0.8363636363636364,0.7895702306079664,0.8085496984002098,0.8097484276729561,0.8147345039136873,1.0,1.0,0.1286015374935045,0.16901119524651062,0.20135703669185195
2023-06-06,0.799786723540389,0.7831421712456654,0.8207792207792206,0.799266247379455,0.7938630999213219,0.7895702306079664,0.7974931246033425,1.0,1.0,0.1300944779224973,0.16955090788343816,0.14524351311282274
2023-06-05,0.802452679285524,0.7879434515870898,0.8363636363636364,0.799266247379455,0.799108313663782,0.799266247379455,0.8114025809181298,1.0,1.0,0.15990800912748904,0.20919321936194787,0.15101214042379685
2023-06-02,0.7821914156225009,0.7831421712456654,0.8207792207792206,0.7759433962264151,0.7970102281667981,0.799266247379455,0.8039454199280729,1.0,1.0,0.13224256273199347,0.17283972980954324,0.17709873747860255
2023-06-01,0.7667288723007197,0.7698052814083756,0.8103896103896102,0.7607442348008386,0.7783897193810647,0.7759433962264151,0.7911466046118045,1.0,1.0,0.2448090477398715,0.31628553338417864,0.20202409294442392
2023-05-31,0.7773926952812582,0.76126967191251,0.7922077922077921,0.8286163522012573,0.7676370312090217,0.7607442348008386,0.7755976306325367,1.0,1.0,0.43502283440421347,0.5572190782519838,0.2754397403929807
2023-05-30,0.8371101039722739,0.8183515604161111,0.8649350649350649,0.8401467505241089,0.8303173354314191,0.8286163522012573,0.8416014385445316,1.0,1.0,0.19648916497517638,0.2597226129337574,0.17586233462172274
2023-05-29,0.810450546520928,0.8231528407575355,0.8470129870129868,0.7929769392033541,0.8389719381064782,0.8401467505241089,0.8412312248783582,1.0,1.0,0.2554137089737037,0.3365500308877243,0.4891814750023018
2023-05-26,0.7637963209810716,0.7770072019205125,0.8080519480519479,0.7680817610062891,0.7925517964857067,0.7929769392033541,0.7969642479373809,1.0,1.0,0.10563007088620958,0.13804679784929688,0.10220617111590057
2023-05-25,0.7677952545987736,0.7511336356361697,0.7896103896103894,0.7756813417190775,0.7660634670862843,0.7680817610062891,0.7701502009731329,1.0,1.0,0.22157619223099512,0.2839757746352517,0.16529841841902032
2023-05-24,0.7560650493201813,0.7636703120832222,0.796103896103896,0.7699161425576517,0.7728822449514818,0.7756813417190775,0.7860165009519777,1.0,1.0,0.24128167512355503,0.3111116855499023,0.17975005120361376
2023-05-23,0.751266328978939,0.755401440384103,0.7885714285714283,0.7465932914046118,0.7639653815892995,0.7699161425576517,0.7733234609689017,1.0,1.0,0.21535747561775248,0.2764138735170141,0.1719671019130422
2023-05-22,0.7438016528925622,0.7372632702053883,0.7711688311688314,0.7361111111111107,0.7442958300550746,0.7465932914046118,0.7546012269938651,1.0,1.0,0.30829480641132484,0.3921235217732424,0.26686947682120454
2023-05-19,0.7517995201279657,0.7690050680181386,0.7527272727272725,0.7311320754716983,0.7395751376868609,0.7361111111111107,0.7490480220012694,1.0,1.0,0.6688834906059324,0.847808481034942,0.541523781964678
2023-05-18,0.8120501199680081,0.8098159509202456,0.7605194805194802,0.7945492662473792,0.7432467873065831,0.7311320754716983,0.7856991749524012,1.0,1.0,0.7271507415846593,0.9336244655232849,0.6398065348964372
2023-05-17,0.7891229005598506,0.7916777807415314,0.8025974025974025,0.7945492662473792,0.8001573564122739,0.7945492662473792,0.7953247302729007,1.0,1.0,0.3473814143012704,0.4486595400870277,0.3530832091606554
2023-05-16,0.7784590775793121,0.7911443051480398,0.8155844155844156,0.7714884696016768,0.7936008392341991,0.7945492662473792,0.8017241379310343,1.0,1.0,0.3203233743728638,0.4149075661401981,0.31942599339708266
2023-05-15,0.7504665422553987,0.7570018671645773,0.7774025974025971,0.7518343815513622,0.7731445056386046,0.7714884696016768,0.7769727099640367,1.0,1.0,0.13373855284256925,0.17255278895883028,0.21295066226472176
2023-05-12,0.7288723007198081,0.7396639103761005,0.7612987012987009,0.7272012578616351,0.7524259113558878,0.7518343815513622,0.7529617093293841,1.0,1.0,0.13216332299404637,0.1685820005272351,0.16111381482894238
2023-05-11,0.7155425219941352,0.7356628434249135,0.7636363636363637,0.7206498951781972,0.7293469708890639,0.7272012578616351,0.7412206473450391,1.0,1.0,0.213558284777984,0.2704182168479474,0.22689119842762628
2023-05-10,0.7304718741668887,0.7089890637503338,0.7181818181818183,0.7274633123689727,0.7212168895882507,0.7206498951781972,0.7109689020520413,1.0,1.0,0.25765044248193975,0.3220567981821275,0.3009363214948073
2023-05-09,0.7837909890695816,0.7700720192051218,0.764155844155844,0.7803983228511528,0.7293469708890639,0.7274633123689727,0.7530674846625769,1.0,1.0,0.2645425495819745,0.33641866853653835,0.3469707190490597
2023-05-08,0.744601439616102,0.7762069885302751,0.7914285714285714,0.7431865828092241,0.7865198006818779,0.7803983228511528,0.7806219589591707,1.0,1.0,0.1611272233066786,0.20788635062478997,0.1804603251852256
2023-05-05,0.758197813916289,0.7796745798879705,0.779480519480519,0.7615303983228507,0.7437713086808291,0.7431865828092241,0.7846943092870742,1.0,1.0,0.2507565332973333,0.3230806530585335,0.22509672315662294
2023-05-04,0.7048786990135967,0.7399306481728463,0.7454545454545456,0.7117400419287208,0.759506949908209,0.7615303983228507,0.7535963613285381,1.0,1.0,0.15320657643733182,0.1953168043389192,0.17274877909915465
2023-05-03,0.7072780591842176,0.7089890637503338,0.7480519480519479,0.7368972746331233,0.7094151586677158,0.7117400419287208,0.7289507086947324,1.0,1.0,0.10409571716753961,0.13132428023992596,0.16551826512761447
2023-05-02,0.7571314316182352,0.7401973859695921,0.7696103896103894,0.7526205450733747,0.7330186205087856,0.7368972746331233,0.7564522953247304,1.0,1.0,0.1728518974295742,0.22050831760320436,0.3940310679100846
2023-04-28,0.69208211143695,0.7380634835956261,0.7298701298701298,0.6816037735849054,0.741935483870968,0.7526205450733747,0.7282631690289825,1.0,1.0,0.2164469570355141,0.2725509296547032,0.20466976957434296
2023-04-27,0.6771527592641964,0.6684449186449721,0.7070129870129871,0.6899895178197064,0.680828743771309,0.6816037735849054,0.685424159086101,1.0,1.0,0.24524125346556896,0.3032546162795101,0.2818209320373026
2023-04-26,0.6611570247933884,0.6663110162710058,0.6828571428571428,0.666142557651991,0.6942040388145818,0.6899895178197064,0.6781785487624283,1.0,1.0,0.3370559548819017,0.41587241453554813,0.24897921603039525
2023-04-25,0.6238336443615036,0.6711122966124301,0.6753246753246751,0.6284067085953877,0.6645685811696826,0.666142557651991,0.6764332557647559,1.0,1.0,0.5969461458981878,0.7367845064405472,0.35201967721993505
2023-04-24,0.5641162356704874,0.6052280608162177,0.6155844155844155,0.5683962264150941,0.6249672174141097,0.6284067085953877,0.6136555955151262,1.0,1.0,0.34037818442855805,0.4091363287738232,0.2767982803101906
2023-04-21,0.5705145294588108,0.5564150440117364,0.5958441558441558,0.5770440251572322,0.5646472593758194,0.5683962264150941,0.5707108102390523,1.0,1.0,0.32762162628325103,0.38671286876267164,0.23633145367529207
2023-04-20,0.5502532657957881,0.5513470258735667,0.5799999999999996,0.5534591194968548,0.5753999475478628,0.5770440251572322,0.5665326845779561,1.0,1.0,0.3794169850941441,0.44767848308561364,0.15717348535952458
2023-04-19,0.5651826179685417,0.5622832755401443,0.5883116883116881,0.5825471698113205,0.5494361395226854,0.5534591194968548,0.5758409138988791,1.0,1.0,0.30261690577469863,0.3576919857442754,0.1485581250270111
2023-04-18,0.5723806984804054,0.5676180314750603,0.6000000000000001,0.5728511530398319,0.5801206399160765,0.5825471698113205,0.5864184472181089,1.0,1.0,0.32214672007698786,0.38270870854168404,0.2914791549618651
2023-04-17,0.4798720341242335,0.548946385702854,0.535064935064935,0.5149371069182389,0.5756622082349856,0.5728511530398319,0.5535752062618999,1.0,1.0,0.49877758885346934,0.5867274951099863,0.31343376131411965
2023-04-13,0.48680351906158315,0.4915977594025076,0.5306493506493504,0.4900419287211739,0.5179648570679256,0.5149371069182389,0.5075100486566533,1.0,1.0,0.43155584894878607,0.49759122172105563,0.1973753685250917
2023-04-12,0.5075979738736338,0.4902640704187786,0.5246753246753246,0.5104821802935011,0.49567269866247043,0.4900419287211739,0.5035434736619417,1.0,1.0,0.30497467352075674,0.349420282704867,0.20256525407327097
2023-04-11,0.49506798187150114,0.49933315550813573,0.5306493506493504,0.4800838574423474,0.5132441646997115,0.5104821802935011,0.5216310556378256,1.0,1.0,0.3937267322074429,0.45617879527979033,0.21283604133118122
2023-04-10,0.48653692348707,0.47105894905308077,0.5163636363636361,0.4871593291404608,0.4775767112509839,0.4800838574423474,0.49100909667865444,1.0,1.0,0.23640902904670957,0.2680406578205299,0.14114158691742973
2023-04-06,0.45854438816315657,0.48866364363830384,0.5020779220779219,0.46278825995807127,0.4880671387359037,0.4871593291404608,0.49830759466892305,1.0,1.0,0.37139947617906716,0.42579363620911703,0.3185823081649565
2023-04-05,0.47454012263396406,0.4561216324353161,0.48857142857142843,0.4824423480083855,0.4660372410175717,0.46278825995807127,0.46609900571186813,1.0,1.0,0.17124544300029892,0.19008794430906775,0.20861949420224773
2023-04-03,0.46254332178085855,0.46092291277674047,0.5044155844155847,0.466719077568134,0.4770521898767375,0.4824423480083855,0.48392214935477096,1.0,1.0,0.18226844777081536,0.20457139003610877,0.14021710332231596
2023-03-31,0.44068248467075444,0.44171779141104306,0.49012987012986997,0.42872117400419274,0.46341463414634143,0.466719077568134,0.4634017347154642,1.0,1.0,0.2367710401127911,0.2650107128263117,0.2771008044134697
2023-03-29,0.37856571580911735,0.4049079754601226,0.42233766233766223,0.38469601677148857,0.4319433516915816,0.42872117400419274,0.411307383118257,1.0,1.0,0.3554217438450105,0.3920705060596582,0.28870758320822115
2023-03-28,0.3916288989602772,0.3715657508668979,0.40961038961038954,0.39544025157232676,0.38998164175190153,0.38469601677148857,0.3888301248148931,1.0,1.0,0.21038529902379177,0.2262310026202489,0.25662687503875503
2023-03-27,0.3679018928285789,0.3843691651106962,0.3976623376623376,0.37028301886792425,0.38998164175190153,0.39544025157232676,0.3958112968055847,1.0,1.0,0.20762358708988693,0.2239370647721892,0.3035688449028447
2023-03-24,0.40789122900559827,0.3886369698586294,0.4075324675324672,0.4090670859538781,0.37162339365329133,0.37028301886792425,0.40088851279881554,1.0,1.0,0.18583856791250147,0.20007905491909087,0.2475643051622638
2023-03-23,0.4340175953079175,0.42091224326487087,0.44935064935064917,0.4551886792452824,0.40571728297928145,0.4090670859538781,0.43775121641633197,1.0,1.0,0.31892958325078835,0.35519176806363906,0.3719017116099732
2023-03-22,0.448946947480672,0.45292077887436655,0.49402597402597426,0.45676100628930794,0.45580907421977424,0.4551886792452824,0.4717050983710598,1.0,1.0,0.1373651614044844,0.15164191734281204,0.17428582702761614
2023-03-21,0.4478805651826181,0.43398239530541494,0.4750649350649354,0.44287211740041954,0.4568581169682666,0.45676100628930794,0.4542521683943308,1.0,1.0,0.4469362942137335,0.5042063865224721,0.43651033749288315
2023-03-20,0.4724073580378567,0.45078687650040017,0.46753246753246724,0.49842767295597445,0.4476789929189615,0.44287211740041954,0.4471123334038505,1.0,1.0,0.18338376484335045,0.2020742267182349,0.3542782733201927
2023-03-17,0.48333777659290833,0.47746065617498035,0.49402597402597426,0.4706498951781968,0.5053763440860215,0.49842767295597445,0.48714829701713525,1.0,1.0,0.2615676198533093,0.29667502576810045,0.2296646492129676
2023-03-16,0.4286856838176485,0.46545745532141947,0.4638961038961038,0.4342243186582806,0.47731445056386024,0.4706498951781968,0.4579014173894649,1.0,1.0,0.28327284480518716,0.31757369350985065,0.4279043723188567
2023-03-15,0.4894694748067181,0.4795945585489463,0.4703896103896099,0.4753668763102721,0.43613952268554934,0.4342243186582806,0.4761476623651366,1.0,1.0,0.1315220927857651,0.1452808471060625,0.35533428913412346
2023-03-14,0.4780058651026393,0.48386236329687904,0.49350649350649345,0.49947589098532497,0.47915027537372135,0.4753668763102721,0.47826316902898247,1.0,1.0,0.19162284352206826,0.2147846925929869,0.3745549043666818
2023-03-13,0.5811783524393497,0.5924246465724194,0.5374025974025978,0.5904088050314464,0.4998688696564386,0.49947589098532497,0.545218954939708,1.0,1.0,0.18508905668029024,0.21417594734133596,0.27894601354030246
2023-03-10,0.6137030125299923,0.6020272072552686,0.6233766233766231,0.6509433962264146,0.5927091528979807,0.5904088050314464,0.6027078485297226,1.0,0.9646401985111663,0.135681477254669,0.16057766726625627,0.3014154745776407
2023-03-09,0.6758197813916289,0.6596425713523608,0.6909090909090909,0.6818658280922429,0.6506687647521638,0.6509433962264146,0.672678231436429,1.0,0.9646401985111663,0.09186053327875791,0.11228879543000561,0.12377557597019105
2023-03-08,0.65049320181285,0.6583088823686318,0.6828571428571428,0.6656184486373165,0.6784683975872019,0.6818658280922429,0.6705627247725832,1.0,0.9646401985111663,0.15500549003332004,0.19004200814471148,0.18829776639502133
2023-03-06,0.6766195681151692,0.6711122966124301,0.6961038961038959,0.6629979035639413,0.6669289273537897,0.6656184486373165,0.6824624497567169,1.0,0.9646401985111663,0.21608038877479446,0.26675922154762866,0.25685235884244134
2023-03-03,0.5545187949880033,0.6519071752467323,0.6064935064935066,0.5191299790356392,0.6627327563598215,0.6629979035639413,0.6524222551301033,1.0,0.9646401985111663,0.4152500679117304,0.507440925177674,0.4471306246465072
2023-03-02,0.5222607304718743,0.5217391304347827,0.5584415584415585,0.5345911949685536,0.5237345921846317,0.5191299790356392,0.5342183202877093,1.0,0.9646401985111663,0.1158332831262175,0.13153366791978904,0.16472719278301506
2023-03-01,0.4545454545454546,0.5084022405974928,0.5096103896103896,0.46174004192872076,0.5329137162339368,0.5345911949685536,0.5180346943092871,1.0,0.9646401985111663,0.17012601925426868,0.1938548192859824,0.3472957915327074
2023-02-28,0.47587310050653153,0.4606561749799951,0.4989610389610388,0.48742138364779874,0.46052976658798883,0.46174004192872076,0.47350327903532907,1.0,0.9646401985111663,0.20924879012980263,0.23457774743048984,0.14129003042152322
2023-02-27,0.4430818448413758,0.4678580954921312,0.48831168831168803,0.4525681341719072,0.48701809598741175,0.48742138364779874,0.4815422043579436,1.0,0.9646401985111663,0.1274755465354292,0.14104326983378526,0.2111749773106923
2023-02-24,0.45961077046121046,0.4555881568418245,0.48103896103896115,0.45230607966457015,0.4555468135326515,0.4525681341719072,0.4644066003807912,1.0,0.9646401985111663,0.14834223034615812,0.16363395026943764,0.20836394589140328
2023-02-23,0.42095441215675855,0.4369165110696187,0.4485714285714284,0.4279350104821802,0.4626278520849727,0.45230607966457015,0.44626613073831223,1.0,0.9646401985111663,0.20521272715990796,0.22687787049534117,0.27517667595534673
2023-02-22,0.44121567581978116,0.4257135236062948,0.4545454545454546,0.4651467505241089,0.43063204825596646,0.4279350104821802,0.4345250687539668,1.0,0.9646401985111663,0.191835108291334,0.21037566374824554,0.4073458865177597
2023-02-21,0.4750733137829912,0.4633235529474531,0.5059740259740257,0.4740566037735845,0.46761080514030917,0.4651467505241089,0.4813835413581553,1.0,0.9646401985111663,0.11317009670072452,0.12450974894145375,0.25915041460834404
2023-02-20,0.5011996800853105,0.4899973326220328,0.5046753246753246,0.5047169811320753,0.47626540781536875,0.4740566037735845,0.4894753543473662,1.0,0.9646401985111663,0.15383507075945718,0.17220498780601198,0.2703287741760916
2023-02-17,0.5358571047720608,0.5204054414510537,0.5337662337662339,0.5524109014675052,0.5035405192761604,0.5047169811320753,0.5176644806431141,1.0,0.9646401985111663,0.1819402431181899,0.2076374542462854,0.29503052486992404
2023-02-16,0.5803785657158094,0.558815684182449,0.5896103896103897,0.5636792452830188,0.5489116181484395,0.5524109014675052,0.5701819335730907,1.0,0.9646401985111663,0.15724835756019445,0.18357749493333356,0.2945927104844332
2023-02-15,0.5438549720074648,0.5470792211256335,0.5807792207792204,0.5563417190775679,0.5672698662470492,0.5636792452830188,0.5652104929130526,1.0,0.9646401985111663,0.15776061742744352,0.1837337599020021,0.2715952415401296
2023-02-14,0.5435883764329512,0.5468124833288881,0.5493506493506493,0.5387840670859538,0.5578284815106218,0.5563417190775679,0.5419928072773428,1.0,0.9646401985111663,0.2576260796847489,0.2994386316577795,0.29725341936793137
2023-02-13,0.6185017328712341,0.6124299813283542,0.5625974025974023,0.6202830188679243,0.5373721479150277,0.5387840670859538,0.5566426909244768,1.0,0.9646401985111663,0.25639274340050205,0.29993341500774107,0.347425444719827
2023-02-10,0.5785123966942147,0.6142971459055748,0.6311688311688313,0.6084905660377355,0.6202465250458955,0.6202830188679243,0.6313200761582398,1.0,0.9646401985111663,0.17557172822492262,0.21150416310450668,0.21866103959307692
2023-02-09,0.6078379098906956,0.5862896772472661,0.6119480519480516,0.6029874213836477,0.6102806189352217,0.6084905660377355,0.6023376348635501,1.0,0.9646401985111663,0.19699872171556793,0.2344393541894154,0.1590825815640684
2023-02-08,0.5971740869101572,0.599626567084556,0.6259740259740258,0.5890985324947589,0.6089693154996065,0.6029874213836477,0.6099005711867993,1.0,0.9646401985111663,0.20465411559814578,0.24451301275226237,0.3402945194282483
2023-02-07,0.5865102639296187,0.5830888236863165,0.6028571428571428,0.5801886792452828,0.5851035929714139,0.5890985324947589,0.5944044848741274,1.0,0.9646401985111663,0.21666396960451678,0.25721293928527167,0.5276095522455369
2023-02-06,0.6440949080245266,0.6225660176046945,0.5794805194805193,0.5738993710691824,0.5730396013637553,0.5801886792452828,0.5859953458853395,1.0,0.9646401985111663,0.37508520697712394,0.44607862165188916,0.3830011518464306
2023-02-03,0.5225273260463874,0.5540144038410246,0.4890909090909088,0.4895178197064989,0.5824809861001841,0.5738993710691824,0.5330547916225936,1.0,0.9646401985111663,0.49600934436299204,0.578662045636937,0.7158058509288994
2023-02-02,0.4382831245001335,0.48306214990664165,0.4025974025974026,0.4855870020964361,0.5111460792027276,0.4895178197064989,0.4626084197165219,1.0,0.9646401985111663,0.6167806164595162,0.700803486852165,0.7668234405446186
2023-02-01,0.6579578778992268,0.6556415044011739,0.3862337662337665,0.6226415094339619,0.48439548911618147,0.4855870020964361,0.5657393695790138,1.0,0.9646401985111663,0.5982703315036804,0.707960585153102,0.8175666915325195
2023-01-31,0.5705145294588108,0.6129634569218458,0.5862337662337662,0.5424528301886791,0.6414896407028587,0.6226415094339619,0.6155595515125873,1.0,0.9646401985111663,0.31570924079337953,0.3795884900209924,0.4164216096161326
2023-01-30,0.5225273260463874,0.5988263536943186,0.5205194805194808,0.5516247379454926,0.5591397849462365,0.5424528301886791,0.5422572456103238,1.0,0.9646401985111663,0.6429588232512506,0.7542329307476169,0.9917604460069638
2023-01-27,0.6931484937350039,0.6745798879701255,0.5571428571428569,0.7023060796645701,0.5630736952530815,0.5516247379454926,0.6010154431986461,1.0,0.9646401985111663,0.6319667831454426,0.75826170172526,0.8232113027514661
2023-01-25,0.8416422287390031,0.8202187249933317,0.7397402597402594,0.8367400419287212,0.7020718594282718,0.7023060796645701,0.7395811296805586,1.0,0.9646401985111663,0.3811101994989062,0.4817025919909911,0.7116550699093743
2023-01-24,0.8824313516395628,0.8668978394238467,0.8729870129870125,0.8687106918238996,0.8355625491738792,0.8367400419287212,0.8647133488470491,1.0,0.9646401985111663,0.06788241183305567,0.09321467941952719,0.15134848709762888
2023-01-23,0.8557717941882164,0.8516937850093362,0.8724675324675326,0.8254716981132075,0.8725413060582219,0.8687106918238996,0.8725936111698749,1.0,0.9646401985111663,0.05046536841375128,0.07070035001540698,0.11149422479607808
2023-01-20,0.8307118101839506,0.8242197919445191,0.861298701298701,0.8131551362683438,0.8303173354314191,0.8254716981132075,0.8435053945419928,1.0,0.9646401985111663,0.052997609136277685,0.0726218721037469,0.09575357626707805
2023-01-19,0.815782458011197,0.7983462256601763,0.8444155844155841,0.8215408805031448,0.813270390768424,0.8131551362683438,0.8204463719060717,1.0,0.9646401985111663,0.06556162147619042,0.08778036524443014,0.18069896221079357
2023-01-18,0.8419088243135162,0.8271539077087224,0.8446753246753249,0.8294025157232703,0.820089168633622,0.8215408805031448,0.8312354558916861,1.0,0.9646401985111663,0.13595359202499951,0.1798917414388315,0.23402212371920506
2023-01-17,0.8797653958944283,0.874366497732729,0.8366233766233764,0.882075471698113,0.8326776816155257,0.8294025157232703,0.8435053945419928,1.0,0.9646401985111663,0.16929083969395547,0.22442796986007937,0.21769145923722588
2023-01-16,0.8797653958944283,0.8748999733262206,0.9122077922077922,0.8668763102725365,0.8840807762916341,0.882075471698113,0.8926380368098163,1.0,0.9646401985111663,0.031036158948225825,0.04589421098760871,0.09565962468220877
2023-01-13,0.8525726472940547,0.8578287543344891,0.876103896103896,0.8396226415094334,0.8709677419354844,0.8668763102725365,0.8688914745081449,1.0,0.9646401985111663,0.07252601989192935,0.09955426593529934,0.11129504743615522
2023-01-12,0.8525726472940547,0.8311549746599094,0.8576623376623376,0.8490566037735849,0.8408077629163393,0.8396226415094334,0.8416014385445316,1.0,0.9646401985111663,0.07783012660181278,0.10492534548426424,0.24937381268684622
2023-01-11,0.8448413756331647,0.8396905841557749,0.8688311688311687,0.840932914046121,0.8515604510883819,0.8490566037735849,0.8583139411889147,1.0,0.9646401985111663,0.0645902632365581,0.08854566694283714,0.1076666372285034
2023-01-10,0.908824313516396,0.8903707655374768,0.8602597402597403,0.9067085953878409,0.8436926304746919,0.840932914046121,0.8549820181933576,1.0,0.9646401985111663,0.12009152233052232,0.1610835931821957,0.23385488989813774
2023-01-09,0.8904292188749667,0.8903707655374768,0.9096103896103895,0.8697589098532492,0.9116181484395494,0.9067085953878409,0.9077110217897189,1.0,0.9646401985111663,0.08987619557698097,0.12486779803409434,0.18240888105541453
2023-01-06,0.903225806451613,0.8821018938383576,0.8935064935064934,0.8930817610062891,0.8725413060582219,0.8697589098532492,0.8839115718214514,1.0,0.9646401985111663,0.07416220871663802,0.10256971532870884,0.17105201347641535
2023-01-05,0.9010930418555052,0.9042411309682588,0.9192207792207796,0.8936058700209641,0.8974560713349069,0.8930817610062891,0.9064946054580072,1.0,0.9646401985111663,0.07883097664857079,0.11008112365365041,0.1567563403227049
2023-01-04,0.9269528125833113,0.9221125633502272,0.92987012987013,0.9313417190775679,0.8966692892735382,0.8936058700209641,0.9165432621112757,1.0,0.9646401985111663,0.057512939963569834,0.08220349226776824,0.09470507657993683
2023-01-03,0.9410823780325246,0.9309149106428385,0.9610389610389611,0.9302935010482178,0.9352216102806192,0.9313417190775679,0.9457372540723505,1.0,0.9646401985111663,0.054166451586140266,0.0791677999170255,0.11208799881245197
2023-01-02,0.943481738203146,0.9447852760736204,0.9672727272727273,0.9381551362683438,0.9333857854707581,0.9302935010482178,0.9518722233975034,1.0,0.9646401985111663,0.05257268105981218,0.07731531070428121,0.11700918282790514
2022-12-30,0.9450813116502266,0.9519871965857565,0.968051948051948,0.9281970649895173,0.9420403881458173,0.9381551362683438,0.9572138777237145,1.0,0.9646401985111663,0.1622019934763499,0.22585958983816498,0.178883817591119
2022-12-29,0.8637696614236203,0.9383835689517208,0.8942857142857141,0.8718553459119494,0.9409913453973249,0.9281970649895173,0.9187645441083139,1.0,0.9646401985111663,0.2848389949199063,0.38616936628413223,0.19737348949339428
2022-12-28,0.8685683817648626,0.879701253667645,0.9015584415584414,0.8763102725366871,0.8725413060582219,0.8718553459119494,0.8911571821451241,1.0,0.9646401985111663,0.07444976249998204,0.10336582872858904,0.15182200308537008
2022-12-27,0.8659024260197281,0.8588957055214728,0.8742857142857141,0.8511530398322851,0.877786519800682,0.8763102725366871,0.866141315845145,1.0,0.9646401985111663,0.1030403020792781,0.13951705967229,0.26883682300836736
2022-12-26,0.7251399626766197,0.8514270472125904,0.7568831168831172,0.7300838574423478,0.8520849724626283,0.8511530398322851,0.8208165855722447,1.0,0.9646401985111663,0.16477848923730115,0.21637808260116606,0.27594707895127485
2022-12-23,0.810450546520928,0.7927447319285146,0.761038961038961,0.8317610062893079,0.7261998426435881,0.7300838574423478,0.7674529299767294,1.0,0.9646401985111663,0.16210064354692666,0.20789675608384714,0.30769895657369845
2022-12-22,0.8477739269528124,0.8370232061883169,0.8444155844155841,0.8317610062893079,0.8253343823760821,0.8317610062893079,0.8358895705521472,1.0,0.9646401985111663,0.08747186820357451,0.1171439208671399,0.13767665246745048
2022-12-21,0.895227939216209,0.8911709789277142,0.8550649350649353,0.8896750524109014,0.8373983739837398,0.8317610062893079,0.8738100275015865,1.0,0.9646401985111663,0.09573900048730795,0.13042586901652548,0.15524747786970422
2022-12-20,0.8797653958944283,0.877033875700187,0.9067532467532464,0.8896750524109014,0.8950957251507998,0.8896750524109014,0.8896234398138354,1.0,0.9646401985111663,0.0530526766821329,0.0749365919073886,0.1231780438904224
2022-12-19,0.8850973073846973,0.8930381435049348,0.9246753246753245,0.8839098532494756,0.8961447678992922,0.8896750524109014,0.9061772794584302,1.0,0.9646401985111663,0.08022650054427287,0.1119200362252196,0.16215104032589928
2022-12-16,0.9277525993068516,0.9255801547079225,0.9199999999999999,0.9499475890985325,0.8901127720954629,0.8839098532494756,0.9170192511106414,1.0,0.9646401985111663,0.09951329334542326,0.1383365399862226,0.18363400972211003
2022-12-15,1.0,1.0,0.983376623376623,0.9999999999999996,0.9444007343299243,0.9499475890985325,0.9915379733446157,1.0,0.9646401985111663,0.12008478184111461,0.1715172759186289,0.16104429065613912
2022-12-14,0.9624100239936015,0.9850626833822358,1.0,0.9541404612159328,1.0,0.9999999999999996,1.0,0.9679083094555878,0.9646401985111663,0.17879811806228846,0.25262408214775844,0.2330506643316566
2022-12-13,0.9357504665422556,0.9351827153907712,0.9740259740259738,0.9347484276729556,0.9554156831890896,0.9541404612159328,0.9573196530569072,0.9214899713467055,0.9646401985111663,0.0652103362788579,0.09467338006607681,0.18700687161891738
2022-12-12,0.9426819514796052,0.942117898106162,0.9662337662337661,0.9528301886792452,0.932074482035143,0.9347484276729556,0.9482758620689657,0.9214899713467055,0.9646401985111663,0.09691614292284222,0.1369553526389604,0.1368085398232583
2022-12-09,0.9405491868834979,0.9383835689517208,0.9563636363636365,0.9274109014675047,0.956464725937582,0.9528301886792452,0.9488047387349274,0.9214899713467055,0.9646401985111663,0.13013479956478968,0.1818096491592794,0.20076326267547812
2022-12-08,0.9157557984537457,0.9159775940250734,0.9462337662337661,0.9033018867924523,0.931549960660897,0.9274109014675047,0.9345250687539663,0.9214899713467055,0.9646401985111663,0.10964904870814536,0.15313938512149988,0.15620390500367354
2022-12-07,0.9216209010930418,0.911176313683649,0.9324675324675322,0.9132599580712788,0.9037503278258594,0.9033018867924523,0.9177067907763914,0.9214899713467055,0.9646401985111663,0.0679563839391777,0.09621574984296988,0.09445704439588191
2022-12-06,0.9424153559050921,0.9479861296345691,0.9496103896103891,0.957023060796645,0.9160765801206399,0.9132599580712788,0.9458959170721388,0.9214899713467055,0.9646401985111663,0.1612203598891115,0.22347567466026994,0.23967425106494122
2022-12-05,0.9090909090909092,0.9383835689517208,0.948311688311688,0.9059224318658274,0.9548911618148441,0.957023060796645,0.9499153797334459,0.9214899713467055,0.9646401985111663,0.13677712734654157,0.19086327160035596,0.2773093769318795
2022-12-02,0.9037589976006397,0.8935716190984269,0.9311688311688311,0.9088050314465406,0.907159716758458,0.9059224318658274,0.9141633171144488,0.9214899713467055,0.9646401985111663,0.06656922934009242,0.09417251968561649,0.14986029399329942
2022-12-01,0.9056251666222344,0.8946385702854096,0.9171428571428568,0.8791928721174003,0.9092578022554418,0.9088050314465406,0.9056484027924685,0.9214899713467055,0.9646401985111663,0.18224009959428322,0.24768796303657245,0.20454575348231552
2022-11-30,0.9090909090909092,0.9031741797812751,0.9007792207792207,0.9111635220125782,0.8827694728560194,0.8791928721174003,0.8919504971440664,0.9214899713467055,0.9646401985111663,0.20644550895659425,0.27837336674770585,0.208976510224751
2022-11-29,0.9016262330045324,0.9053080821552415,0.9459740259740261,0.9114255765199162,0.9097823236296882,0.9111635220125782,0.9248995134334677,0.9214899713467055,0.9646401985111663,0.056329940753177446,0.08104288179202529,0.11008870908643358
2022-11-28,0.8936283657691284,0.9005068018138171,0.9212987012987015,0.9051362683438153,0.9092578022554418,0.9114255765199162,0.9073936957901418,0.9214899713467055,0.9646401985111663,0.0735078787397392,0.10304507793354523,0.11030667676333032
2022-11-25,0.9200213276459608,0.9154441184315822,0.9415584415584415,0.9153563941299789,0.9050616312614741,0.9051362683438153,0.9247937381002749,0.9214899713467055,0.9646401985111663,0.10920715677787489,0.15184577633803012,0.1375676686290021
2022-11-24,0.9157557984537457,0.9026407041877835,0.9392207792207787,0.9064465408805029,0.9176501442433782,0.9153563941299789,0.9218849164374867,0.9214899713467055,0.9646401985111663,0.09128194283708031,0.12765338408845175,0.12229114092925635
2022-11-23,0.8720341242335374,0.8935716190984269,0.9142857142857141,0.8616352201257862,0.9045371098872281,0.9064465408805029,0.909985191453353,0.9214899713467055,0.9646401985111663,0.15151128270421782,0.2071714676947977,0.20434469709069525
2022-11-22,0.8539056251666222,0.8460922912776745,0.8890909090909087,0.8563941299790354,0.8620508785733021,0.8616352201257862,0.8679923841760098,0.9214899713467055,0.9646401985111663,0.07548880287747163,0.10339937343439165,0.1181553921633104
2022-11-21,0.874966675553186,0.8535609495865568,0.8849350649350649,0.8805031446540879,0.856805664830842,0.8563941299790354,0.8670932938438756,0.9214899713467055,0.9646401985111663,0.06446531293033976,0.08885059471623658,0.13663942697049358
2022-11-18,0.8691015729138898,0.873032808749,0.8942857142857141,0.8613731656184482,0.8780487804878048,0.8805031446540879,0.8815316268246245,0.9214899713467055,0.9646401985111663,0.1601361807586475,0.21602055707722792,0.17435159313702464
2022-11-17,0.858970941082378,0.8570285409442522,0.8890909090909087,0.8650419287211739,0.859166011014949,0.8613731656184482,0.8724878358366825,0.9214899713467055,0.9646401985111663,0.07754276342356771,0.106366116938966,0.09710272102580099
2022-11-16,0.8635030658491072,0.8610296078954391,0.8883116883116884,0.8708071278825993,0.8620508785733021,0.8650419287211739,0.8783583668288553,0.9214899713467055,0.9646401985111663,0.13625984243577516,0.18421102455688312,0.19854600527256294
2022-11-15,0.8333777659290855,0.8535609495865568,0.8709090909090906,0.8273060796645697,0.8751639129294522,0.8708071278825993,0.8634440448487415,0.9214899713467055,0.9646401985111663,0.1142651923050365,0.15407475504585652,0.1703605298117774
2022-11-14,0.8848307118101841,0.8634302480661513,0.8657142857142857,0.8731656184486369,0.827956989247312,0.8273060796645697,0.8548762428601653,0.9214899713467055,0.9646401985111663,0.16054499404038503,0.2140717049836778,0.30866477886615473
2022-11-11,0.955745134630765,0.9466524406508401,0.901298701298701,0.8964884696016768,0.8672960923157618,0.8731656184486369,0.9035328961286226,0.9214899713467055,0.9646401985111663,0.20504260344524267,0.27780566612101054,0.2959174278310901
2022-11-10,0.9336177019461478,0.9229127767404646,0.9205194805194807,0.9478511530398319,0.8937844217151847,0.8964884696016768,0.9138459911148722,0.9214899713467055,0.9646401985111663,0.13734552907929437,0.18861124027631718,0.3185935823551408
2022-11-09,0.975739802719275,0.9543878367564687,0.9638961038961038,0.940513626834381,0.9438762129556784,0.9478511530398319,0.9553628093928497,0.9214899713467055,0.9646401985111663,0.26420966644055704,0.36358576772842033,0.4494286804124099
2022-11-07,0.9330845107971206,0.9634569218458262,0.9490909090909092,0.8346436058700211,0.9396800419617097,0.940513626834381,0.9579014173894644,0.9214899713467055,0.9646401985111663,0.7030527641872011,0.9576481039050949,0.7647940863114421
2022-11-04,0.7891229005598506,0.8260869565217397,0.8072727272727271,0.7872117400419283,0.8447416732231843,0.8346436058700211,0.8102390522530145,0.6263610315186261,0.9646401985111663,0.38237056705172884,0.4964032915302752,0.4496691964696753
2022-11-03,0.6984804052252733,0.7780741531074957,0.7428571428571429,0.7292976939203353,0.7841594544977708,0.7872117400419283,0.7781891262957479,0.523209169054442,0.9646401985111663,0.24026523011415707,0.3088165182490099,0.3413787207176398
2022-11-02,0.735270594508131,0.7300613496932522,0.7527272727272725,0.7452830188679243,0.7256753212693416,0.7292976939203353,0.742278400676962,0.5031518624641844,0.9646401985111663,0.11348584271097424,0.14411687546084453,0.14953897957304646
2022-11-01,0.7376699546787524,0.7663376900506802,0.7771428571428571,0.7290356394129973,0.741410962496722,0.7452830188679243,0.769039559974614,0.5031518624641844,0.9646401985111663,0.14516335316163526,0.18646041367917746,0.1885645888960501
2022-10-31,0.7302052785923756,0.7220592157908778,0.7449350649350648,0.7130503144654088,0.7282979281405719,0.7290356394129973,0.7317008673577319,0.5031518624641844,0.9646401985111663,0.10747656644598581,0.1357714536861197,0.14353547329989913
2022-10-28,0.756864836043722,0.7497999466524408,0.7376623376623375,0.7596960167714881,0.7193810647783896,0.7130503144654088,0.730960440025386,0.5031518624641844,0.9646401985111663,0.11005848578838852,0.13896876424121044,0.15203997076226683
2022-10-27,0.778192482004799,0.7623366230994932,0.792727272727273,0.7539308176100623,0.7576711250983479,0.7596960167714881,0.7735878993018832,0.5031518624641844,0.9646401985111663,0.17191658088137635,0.22100108091269696,0.2747708051087114
2022-10-25,0.7171420954412158,0.7687383302213928,0.7428571428571429,0.7117400419287208,0.7466561762391817,0.7539308176100623,0.7607361963190185,0.5031518624641844,0.9646401985111663,0.28083510955625873,0.35817426434476785,0.2860431162613282
2022-10-24,0.6878165822447349,0.6956521739130435,0.7319480519480517,0.6611635220125787,0.7212168895882507,0.7117400419287208,0.7140892743812146,0.4148997134670491,0.9646401985111663,0.0,0.0,0.0
2022-10-21,0.6358304452146095,0.6599093091491062,0.6870129870129871,0.632599580712788,0.6661421452924206,0.6611635220125787,0.6783372117622175,0.4148997134670491,0.9646401985111663,0.13993141647330215,0.17210649222791272,0.25500714971560856
2022-10-20,0.6078379098906956,0.6118965057348627,0.6249350649350647,0.6221174004192869,0.6338840807762915,0.632599580712788,0.6216416331711447,0.4148997134670491,0.9646401985111663,0.13053889970226273,0.15590881816414534,0.13485434685797715
2022-10-19,0.6664889362836575,0.6473726327020541,0.657402597402597,0.6695492662473796,0.6247049567269869,0.6221174004192869,0.6397292151470277,0.4148997134670491,0.9646401985111663,0.10134157745438331,0.1217294811925527,0.13984881310962838
2022-10-18,0.5817115435883764,0.6476393704987999,0.6324675324675324,0.5710167714884693,0.6700760555992655,0.6695492662473796,0.6544848741273537,0.4148997134670491,0.9646401985111663,0.2902173336519558,0.35445593909894013,0.34244225265836015
2022-10-17,0.4713409757398024,0.5473459589223797,0.5153246753246754,0.4848008385744236,0.569367951744034,0.5710167714884693,0.5514068119314577,0.4148997134670491,0.9646401985111663,0.16969544233578027,0.19658917171936122,0.27295002339394464
2022-10-14,0.4916022394028263,0.4947986129634572,0.5246753246753246,0.4546645702306078,0.4885916601101492,0.4848008385744236,0.5055532049925957,0.4148997134670491,0.9646401985111663,0.08409867778455814,0.09242532788550328,0.15301143014981522
2022-10-13,0.5065315915755799,0.489197119231795,0.4945454545454546,0.5193920335429767,0.45764489902963534,0.4546645702306078,0.4812777660249634,0.4148997134670491,0.9646401985111663,0.16081352196930832,0.1795247881117261,0.19485934508229225
2022-10-12,0.490535857104772,0.49559882635369457,0.5246753246753246,0.4858490566037732,0.5263571990558615,0.5193920335429767,0.5055532049925957,0.4148997134670491,0.9646401985111663,0.08370230581745998,0.09196302899177655,0.10982000755370742
2022-10-11,0.49453479072247397,0.48866364363830384,0.5220779220779219,0.5034067085953877,0.48439548911618147,0.4858490566037732,0.5019568436640576,0.4148997134670491,0.9646401985111663,0.12360524069066071,0.13816702584722032,0.18193348603597598
2022-10-10,0.4676086376966144,0.4897305948252866,0.504935064935065,0.500524109014675,0.5074744295830054,0.5034067085953877,0.4955045483393272,0.4148997134670491,0.9646401985111663,0.10322525833618766,0.1140064123049431,0.24146684730424722
2022-10-07,0.5198613703012529,0.49879967991464413,0.5275324675324673,0.5377358490566033,0.5053763440860215,0.500524109014675,0.5034905859953458,0.4148997134670491,0.9646401985111663,0.12776159280571797,0.14312400559839067,0.23027721354631536
2022-10-06,0.5150626499600106,0.531875166711123,0.5693506493506493,0.5136268343815513,0.5386834513506429,0.5377358490566033,0.5500317325999582,0.4148997134670491,0.9646401985111663,0.10076523961842039,0.11488422186214514,0.22539736822820466
2022-10-04,0.5065315915755799,0.4998666311016269,0.5340259740259738,0.4457547169811318,0.515604510883819,0.5136268343815513,0.5180346943092871,0.4148997134670491,0.9646401985111663,0.08757129475427218,0.09725696537918965,0.12212766517158379
2022-10-03,0.47773926952812573,0.4777273939717257,0.48571428571428577,0.5026205450733752,0.44217151848937863,0.4457547169811318,0.4790035963613284,0.4148997134670491,0.9646401985111663,0.09805934032303025,0.10690016385524578,0.14653252885722934
2022-09-30,0.45854438816315657,0.5057348626300349,0.47350649350649343,0.4562368972746329,0.5082612116443745,0.5026205450733752,0.49571609900571145,0.4148997134670491,0.9646401985111663,0.2386875743825569,0.2712695398342001,0.2560312219906838
2022-09-29,0.48520394561450253,0.49933315550813573,0.4911688311688307,0.47248427672955984,0.46865984788880155,0.4562368972746329,0.47990268669346303,0.4148997134670491,0.9646401985111663,0.23597089723520898,0.2661476452246281,0.28587024534516875
2022-09-28,0.5059984004265528,0.5212056548412911,0.4953246753246754,0.533542976939203,0.4660372410175717,0.47248427672955984,0.5168711656441713,0.4148997134670491,0.9646401985111663,0.14800347310214634,0.16786538273774798,0.22693441615666615
2022-09-27,0.5681151692881894,0.5804214457188586,0.5620779220779224,0.5691823899371067,0.5420928402832415,0.533542976939203,0.570975248572033,0.4148997134670491,0.9646401985111663,0.1277874457882277,0.1485319486946824,0.17255523883432394
2022-09-26,0.5747800586510263,0.5702854094425183,0.5610389610389608,0.6074423480083855,0.5803829006031993,0.5691823899371067,0.5655278189126296,0.4148997134670491,0.9646401985111663,0.2160194297986086,0.2530832801311156,0.39660158327210826
2022-09-23,0.676086376966142,0.6716457722059217,0.6467532467532466,0.6949685534591192,0.6097560975609757,0.6074423480083855,0.6404167548127777,0.4148997134670491,0.9646401985111663,0.15371736344699827,0.18572393943649415,0.41280823166205993
2022-09-22,0.6864836043721674,0.7036543078154178,0.7116883116883117,0.7075471698113209,0.6968266456858117,0.6949685534591192,0.703141527395811,0.4148997134670491,0.9646401985111663,0.14169531071429559,0.1764078874328657,0.22248299006555944
2022-09-21,0.7304718741668887,0.72125900240064,0.729350649350649,0.7303459119496849,0.7046944662995016,0.7075471698113209,0.7193251533742333,0.4148997134670491,0.9646401985111663,0.09877608480596133,0.12398224725281182,0.20956652617773014
2022-09-20,0.7462010130631835,0.7247265937583358,0.7680519480519483,0.7209119496855343,0.7288224495148179,0.7303459119496849,0.7460334250052889,0.4148997134670491,0.9646401985111663,0.0830336804581412,0.10587496010554581,0.21376804105308456
2022-09-19,0.6542255398560388,0.7057882101893838,0.6989610389610386,0.666142557651991,0.7230527143981118,0.7209119496855343,0.7145123757139835,0.4148997134670491,0.9646401985111663,0.1299916031522826,0.1627284179229126,0.18925419352899064
2022-09-16,0.6990135963743005,0.7036543078154178,0.7028571428571424,0.7203878406708593,0.6706005769735119,0.666142557651991,0.6884387560820819,0.4148997134670491,0.9646401985111663,0.19142322800027722,0.2368612541283361,0.31673334097472894
2022-09-15,0.7174086910157289,0.7276607095225396,0.7423376623376621,0.7182914046121591,0.7178075006556517,0.7203878406708593,0.7354558916860587,0.4148997134670491,0.9646401985111663,0.1569525904298601,0.19839985006822505,0.3029750708864708
2022-09-14,0.5971740869101572,0.7081888503600964,0.6454545454545455,0.6462264150943393,0.7220036716496194,0.7182914046121591,0.7052570340596573,0.373065902578797,0.9646401985111663,0.31086956939864946,0.3877051835879939,0.4475628019369059
2022-09-13,0.65049320181285,0.6289677247265941,0.6688311688311686,0.6299790356394128,0.6422764227642279,0.6462264150943393,0.6520520414639308,0.20286532951289438,0.9646401985111663,0.2255241263342379,0.274796378690107,0.15952415401295406
2022-09-12,0.6233004532124764,0.6214990664177118,0.6558441558441559,0.6218553459119498,0.630999213217939,0.6299790356394128,0.640945631478739,0.18681948424068828,0.9646401985111663,0.10371256626321286,0.12470893499869612,0.12088186715621706
2022-09-09,0.595307917888563,0.6129634569218458,0.638961038961039,0.5762578616352196,0.615263571990559,0.6218553459119498,0.6300507721599327,0.16848137535816665,0.9646401985111663,0.2581115681994661,0.31179861888023963,0.3841473611818358
2022-09-08,0.5225273260463874,0.5558815684182448,0.5740259740259739,0.5144129979035639,0.5801206399160765,0.5762578616352196,0.5664797969113602,0.07679083094555939,0.9646401985111663,0.1481286140134636,0.17238314058296547,0.1467692868510999
2022-09-07,0.5139962676619567,0.5086689783942386,0.5535064935064931,0.5403563941299785,0.5111460792027276,0.5144129979035639,0.5278718002961709,0.07679083094555939,0.9646401985111663,0.0823638248295475,0.0917596490208481,0.08166835466347482
2022-09-06,0.5331911490269263,0.5366764470525478,0.566753246753247,0.5461215932914043,0.5384211906635192,0.5403563941299785,0.5552676115929764,0.07679083094555939,0.9646401985111663,0.0860461247358235,0.09779402523476527,0.08536816807562726
2022-09-05,0.5278592375366569,0.5265404107762071,0.5781818181818177,0.5345911949685536,0.5460267505900864,0.5461215932914043,0.5538925322614765,0.07679083094555939,0.9646401985111663,0.07152766503919371,0.08050346665228877,0.08081715330455909
2022-09-02,0.5278592375366569,0.510802880768205,0.551948051948052,0.5167714884696011,0.5263571990558615,0.5345911949685536,0.5337423312883436,0.07679083094555939,0.8933002481389578,0.10961292037802954,0.12417899037281716,0.11589303799965801
2022-09-01,0.4492135430551851,0.5270738863696987,0.505194805194805,0.5060272536687629,0.5224232887490166,0.5167714884696011,0.532155701290459,0.07679083094555939,0.8933002481389578,0.22488218568876966,0.2596225437399683,0.2910169131643082
2022-08-30,0.42761930151959504,0.4822619365164047,0.4828571428571431,0.42007337526205424,0.5053763440860215,0.5060272536687629,0.4967209646710389,0.07679083094555939,0.8933002481389578,0.19308717585848495,0.21844292775917248,0.19329035361497515
2022-08-29,0.3908291122367369,0.39957321952520664,0.43506493506493493,0.4669811320754711,0.42145292420666136,0.42007337526205424,0.4187645441083139,0.07679083094555939,0.8933002481389578,0.09927534887101049,0.1042153051334733,0.15076035017634715
2022-08-26,0.45747800586510223,0.4662576687116564,0.504935064935065,0.4491614255765195,0.47023341201153945,0.4669811320754711,0.47984979902686664,0.07679083094555939,0.8173076923076921,0.15878827348220598,0.17705224760204405,0.12304463263990802
2022-08-25,0.4476139696081045,0.4598559615897573,0.48571428571428577,0.44339622641509413,0.44846577498033025,0.4491614255765195,0.47313306536915567,0.07679083094555939,0.8173076923076921,0.2041447321351169,0.22865643801415805,0.19553767552504847
2022-08-24,0.43188483071181016,0.43158175513470276,0.4535064935064934,0.45702306079664545,0.4497770784159454,0.44339622641509413,0.44140046541146605,0.07679083094555939,0.8173076923076921,0.14275602808985466,0.15524320118714718,0.1501646971282759
2022-08-23,0.37456678219141537,0.4369165110696187,0.4324675324675322,0.4014675052410901,0.46341463414634143,0.45702306079664545,0.43902052041463957,0.07679083094555939,0.8173076923076921,0.08500814135024619,0.08936418965748102,0.1261337607504101
2022-08-22,0.43188483071181016,0.4150440117364629,0.4415584415584415,0.44889937106918243,0.40099659061106774,0.4014675052410901,0.41596149777871805,0.07679083094555939,0.8173076923076921,0.10370457817679397,0.1090212635205674,0.19248988611188883
2022-08-19,0.5011996800853105,0.4883969058415576,0.48571428571428577,0.5117924528301887,0.4479412536060843,0.44889937106918243,0.46932515337423286,0.07679083094555939,0.8173076923076921,0.1281413301460002,0.14083893096311043,0.15641059849038597
2022-08-18,0.47374033591042375,0.49453187516671093,0.5257142857142858,0.48977987421383595,0.5106215578284816,0.5117924528301887,0.513697905648403,0.07679083094555939,0.8173076923076921,0.09221122933305735,0.10240362450199827,0.10766100013341125
2022-08-17,0.48440415889096267,0.47185916244331816,0.5161038961038962,0.4782494758909852,0.4885916601101492,0.48977987421383595,0.48894647768140453,0.07679083094555939,0.8173076923076921,0.14489657533407485,0.16180862526330705,0.18021417203286805
2022-08-16,0.5081311650226605,0.4894638570285412,0.5194805194805192,0.5031446540880502,0.4822974036191976,0.4782494758909852,0.4934419293420773,0.07679083094555939,0.8173076923076921,0.12179842564693495,0.1354065907473987,0.1551328569361637
2022-08-12,0.4676086376966144,0.4785276073619631,0.52025974025974,0.47196016771488436,0.5053763440860215,0.5031446540880502,0.5041252379944998,0.07679083094555939,0.8173076923076921,0.14662638591783195,0.16514111896930547,0.18205750212800342
2022-08-11,0.4372167422020792,0.4475860229394506,0.47896103896103925,0.41928721174004213,0.4712824547600314,0.47196016771488436,0.46181510471758,0.07679083094555939,0.8173076923076921,0.17622533043689825,0.19537726570070743,0.2430302016764721
2022-08-10,0.4454812050119963,0.43424913310216073,0.4592207792207792,0.4491614255765195,0.4156831890899553,0.41928721174004213,0.4337846414216209,0.07679083094555939,0.8173076923076921,0.22893554173945835,0.2524144429032621,0.34659491270958254
2022-08-08,0.45854438816315657,0.4369165110696187,0.4615584415584415,0.5049790356394124,0.4482035142932075,0.4491614255765195,0.4419822297440237,0.07679083094555939,0.8173076923076921,0.5003254235509547,0.5623890622159585,0.6641550276311612
2022-08-05,0.520127965875766,0.5377433982395305,0.54025974025974,0.516509433962264,0.5124573826383427,0.5049790356394124,0.5439496509414004,0.07679083094555939,0.8173076923076921,0.3018261025469641,0.351899942481101,0.2676060572465797
2022-08-04,0.5633164489469475,0.5436116297679381,0.5153246753246754,0.5563417190775679,0.5121951219512195,0.516509433962264,0.5209964036386716,0.07679083094555939,0.8173076923076921,0.2491767982373811,0.286735912363558,0.2605653254764755
2022-08-03,0.5539856038389761,0.5564150440117364,0.5696103896103892,0.5628930817610063,0.5552058746393915,0.5563417190775679,0.5690712925745713,0.07679083094555939,0.8173076923076921,0.3564325746678581,0.4207704725777187,0.3581396834583203
2022-08-02,0.5006664889362833,0.5484129101093624,0.5511688311688312,0.5191299790356392,0.5525832677681617,0.5628930817610063,0.5655807065792255,0.07679083094555939,0.8173076923076921,0.2279110566604327,0.267235676397919,0.3152733333458602
2022-08-01,0.4854705411890161,0.49559882635369457,0.5267532467532465,0.49082809224318646,0.5177025963808028,0.5191299790356392,0.5176115929765177,0.07679083094555939,0.8173076923076921,0.07976937753382406,0.0881006338466338,0.11585733639740771
2022-07-29,0.5174620101306315,0.5062683382235265,0.5285714285714285,0.5123165618448637,0.4878048780487805,0.49082809224318646,0.5044425639940768,0.07679083094555939,0.8173076923076921,0.14258982044358554,0.1604662598618224,0.1525003335281263
2022-07-28,0.5075979738736338,0.5089357161909844,0.5431168831168827,0.4900419287211739,0.5114083398898503,0.5123165618448637,0.5186693463084406,0.07679083094555939,0.8173076923076921,0.1467428629610159,0.16654652745385257,0.28575938247502297
2022-07-27,0.4121567581978134,0.46865830888236903,0.453246753246753,0.4166666666666665,0.4914765276685027,0.4900419287211739,0.4639306113814259,0.07679083094555939,0.8173076923076921,0.1977004777066284,0.22023654702606502,0.5070623406346242
2022-07-26,0.42495334577446053,0.41984529207788723,0.45766233766233766,0.4355345911949682,0.4146341463414638,0.4166666666666665,0.43367886608842854,0.07679083094555939,0.8173076923076921,0.0895946371903852,0.09423908054338384,0.19766661843818645
2022-07-25,0.4020261263663021,0.410242731395039,0.43714285714285683,0.41404612159329135,0.4280094413847366,0.4355345911949682,0.4228897821028137,0.07679083094555939,0.8173076923076921,0.11328376665063332,0.12033551963573264,0.16987573963385189
2022-07-22,0.4022927219408161,0.4166444385169381,0.44779220779220763,0.4053983228511524,0.4051927616050355,0.41404612159329135,0.4325682250899092,0.07679083094555939,0.8173076923076921,0.19072750206143751,0.20891569812644104,0.3412960433229548
2022-07-21,0.3828312450013329,0.3803680981595092,0.42467532467532454,0.38731656184486374,0.40099659061106774,0.4053983228511524,0.4074465834567378,0.07679083094555939,0.8173076923076921,0.17540569385601618,0.18903008217560482,0.24983417545270575
2022-07-20,0.33591042388696346,0.3654307815417446,0.3916883116883114,0.3314989517819704,0.38158929976396516,0.38731656184486374,0.3862915168182779,0.07679083094555939,0.8173076923076921,0.2701056539658346,0.2925483226811856,0.3596128443090707
2022-07-19,0.26659557451346316,0.301146972526007,0.32727272727272716,0.291404612159329,0.33175976921059513,0.3314989517819704,0.3180135392426484,0.07679083094555939,0.8173076923076921,0.13917842236610134,0.1407562604860169,0.1270789136941951
2022-07-18,0.2482004798720343,0.2635369431848491,0.2966233766233768,0.23270440251572344,0.2882244951481776,0.291404612159329,0.2797228686270361,0.07679083094555939,0.8173076923076921,0.10817222307388048,0.10431219232370642,0.21641935477809576
2022-07-15,0.2375366568914954,0.22566017604694588,0.25818181818181785,0.23401467505241103,0.23105166535536314,0.23270440251572344,0.23196530569071294,0.07679083094555939,0.8173076923076921,0.05637643106958069,0.04644629625839605,0.10713111319474848
2022-07-14,0.2591308984270859,0.24966657775406764,0.26909090909090905,0.27148846960167683,0.23944400734329951,0.23401467505241103,0.2516924053310765,0.07679083094555939,0.8173076923076921,0.09865659273666695,0.092225218508062,0.16623793426771316
2022-07-13,0.2652625966408957,0.26860496132301925,0.3093506493506495,0.2633647798742138,0.2703907684238134,0.27148846960167683,0.2846943092870742,0.07679083094555939,0.8173076923076921,0.07826571123608221,0.07257355715006875,0.125280680359797
2022-07-12,0.25059984004265523,0.26273672979461216,0.30181818181818176,0.28039832285115285,0.25570416994492495,0.2633647798742138,0.2867569282843241,0.07679083094555939,0.8173076923076921,0.06363424004352174,0.05698208392521825,0.0849698133557815
2022-07-11,0.25059984004265523,0.26246999199786636,0.3116883116883118,0.28223270440251547,0.28009441384736444,0.28039832285115285,0.2872329172836894,0.07679083094555939,0.8173076923076921,0.06953147516581042,0.06334248823127958,0.059584095124100664
2022-07-08,0.2719274860037322,0.2550013336889836,0.3124675324675321,0.2727987421383644,0.2821924993443483,0.28223270440251547,0.28030463295959374,0.07679083094555939,0.8173076923076921,0.09296618147445625,0.08806405375509674,0.18643000888781996
2022-07-07,0.24526792855238577,0.24619898639637228,0.2940259740259741,0.23715932914046078,0.27406241804353515,0.2727987421383644,0.26882800930822937,0.07679083094555939,0.8173076923076921,0.13525627193442324,0.13242137032969284,0.20793176860100454
2022-07-06,0.19808051186350273,0.20752200586823166,0.25402597402597404,0.19627882599580682,0.2407553107789142,0.23715932914046078,0.23133065369155892,0.07679083094555939,0.8173076923076921,0.1449948929096515,0.13955208852412135,0.21843367675769326
2022-07-05,0.19808051186350273,0.20218724993331572,0.23896103896103904,0.2030922431865827,0.19879360083923414,0.19627882599580682,0.2197482547070022,0.07679083094555939,0.8173076923076921,0.14401391777639122,0.13751660831007503,0.15141237417533998
2022-07-04,0.15382564649426822,0.17097892771405698,0.21740259740259749,0.16850104821802914,0.20613690007867813,0.2030922431865827,0.19108313941188904,0.07679083094555939,0.8173076923076921,0.09520366007535176,0.08455798028271941,0.09796895463829579
2022-07-01,0.13516395627832578,0.14243798346225667,0.18467532467532477,0.16352201257861587,0.17755048518227134,0.16850104821802914,0.1619949227840065,0.07679083094555939,0.8173076923076921,0.0990008082176027,0.08651553194407674,0.10079689734286128
2022-06-30,0.11197014129565419,0.14510536142971464,0.17454545454545478,0.12788259958071269,0.1623393653291374,0.16352201257861587,0.16463930611381405,0.07679083094555939,0.8173076923076921,0.22931981894664244,0.22004574283040815,0.23117351166596833
2022-06-29,0.11730205278592365,0.10989597225926895,0.17142857142857126,0.15487421383647781,0.1274586939417781,0.12788259958071269,0.13808969748254718,0.07679083094555939,0.8173076923076921,0.14050733844359464,0.12691146483256543,0.08350604766351803
2022-06-28,0.11143695014662747,0.12616697786076303,0.17142857142857126,0.13888888888888884,0.157880933648046,0.15487421383647781,0.14988364713348812,0.07679083094555939,0.8173076923076921,0.16581300707562519,0.15365055709270747,0.19872451328381463
2022-06-27,0.11703545721141007,0.12136569751933868,0.17168831168831167,0.10246331236897266,0.14109624967217416,0.13888888888888884,0.1414216204781047,0.07679083094555939,0.8173076923076921,0.10079734791372237,0.0869430488149171,0.07580013867253928
2022-06-24,0.09490802452679281,0.09735929581221647,0.14649350649350623,0.08752620545073331,0.1043797534749542,0.10246331236897266,0.11386714618151039,0.07679083094555939,0.8126550868486353,0.12374254567283714,0.10804980575537684,0.12027118185456671
2022-06-23,0.058651026392961825,0.07655374766604428,0.1090909090909089,0.0678721174004191,0.08707054812483594,0.08752620545073331,0.09091389887878121,0.07679083094555939,0.8126550868486353,0.14794019220930077,0.13028099857263267,0.17791611626696535
2022-06-22,0.05731804852039435,0.048546279007735116,0.10207792207792199,0.08411949685534559,0.06504065040650397,0.0678721174004191,0.07018193357309066,0.07679083094555939,0.8126550868486353,0.1277813464250619,0.10861886186666866,0.09127396470051054
2022-06-21,0.007997867235403966,0.06855161376367036,0.06545454545454543,0.0,0.08575924468922125,0.08411949685534559,0.07044637190607128,0.07679083094555939,0.8126550868486353,0.17518039862907803,0.15528456104479854,0.21740208835582853
2022-06-20,0.01866169021594244,0.007201920512136528,0.029610389610389642,0.03301886792452802,0.0,0.0,0.012745927649671973,0.07679083094555939,0.8126550868486353,0.1503435665572126,0.12570189139837842,0.20596066435044696
2022-06-17,0.010663822980538473,0.02907441984529191,0.06363636363636349,0.036163522012578664,0.041174927878310896,0.03301886792452802,0.04553628093928497,0.07679083094555939,0.8126550868486353,0.1842628875428357,0.16165214452472473,0.1963738446303851
2022-06-16,0.09144228205811755,0.08348893038143501,0.0787012987012985,0.08726415094339623,0.03409388932599011,0.036163522012578664,0.07404273323460941,0.07679083094555939,0.8126550868486353,0.12283004975330243,0.10404349298985882,0.14401086831933768
2022-06-15,0.05838443081844824,0.07121899173112833,0.12259740259740282,0.07023060796645719,0.08182533438237627,0.08726415094339623,0.09604400253860801,0.07679083094555939,0.8126550868486353,0.10793206064922557,0.090934618198593,0.10572559748510398
2022-06-14,0.03732338043188488,0.03814350493464902,0.09532467532467548,0.05843815513626849,0.07002360346184089,0.07023060796645719,0.06362386291516842,0.07679083094555939,0.8126550868486353,0.1327137558642908,0.11293436750121721,0.13818399102574463
2022-06-13,0.08531058384430823,0.06375033342224601,0.08883116883116893,0.14229559748427656,0.06005769735116706,0.05843815513626849,0.061508356251322116,0.07679083094555939,0.8126550868486353,0.1686815445036135,0.14802385059643497,0.2644060662659319
2022-06-10,0.12796587576646212,0.11763136836489707,0.17454545454545478,0.16902515723270417,0.1439811172305272,0.14229559748427656,0.1436429024751429,0.07679083094555939,0.8126550868486353,0.08540908783971872,0.07148335002800771,0.12153764921860467
2022-06-09,0.16502266062383342,0.15364097092558016,0.19454545454545435,0.19182389937106903,0.17073170731707332,0.16902515723270417,0.16659614977787163,0.07679083094555939,0.8126550868486353,0.15497123309872102,0.14414522171199595,0.17871846280174902
2022-06-08,0.15249266862170074,0.1784475860229393,0.1984415584415582,0.15041928721173958,0.19066351953842098,0.19182389937106903,0.19113602707848498,0.07679083094555939,0.8126550868486353,0.23352254008394913,0.2276176962704596,0.2421226293666348
2022-06-07,0.12716608904292181,0.12723392904774578,0.18441558441558437,0.15199161425576513,0.15368476265407827,0.15041928721173958,0.15078273746562276,0.07679083094555939,0.8126550868486353,0.06897218782233382,0.055203076680516855,0.08478378921774031
2022-06-06,0.1396960810450545,0.12536676447052564,0.16363636363636358,0.1561844863731654,0.15184893784421716,0.15199161425576513,0.14512375713983472,0.07679083094555939,0.8126550868486353,0.12076335332105041,0.10746676196154792,0.1400160469306957
2022-06-03,0.18794988003199142,0.1781808482261935,0.19999999999999973,0.18422431865828104,0.15919223708366115,0.1561844863731654,0.18886185741485084,0.07679083094555939,0.8126550868486353,0.13193730000218507,0.12236931628690861,0.09697682590207614
2022-06-02,0.15409224206878136,0.16137636703120828,0.2137662337662336,0.17610062893081757,0.1854183057959613,0.18422431865828104,0.18637613708483203,0.07679083094555939,0.8126550868486353,0.09840289734998788,0.08755096193740619,0.09571787466482774
2022-06-01,0.15995734470807754,0.1595092024539877,0.20623376623376632,0.1750524109014675,0.18148439548911632,0.17610062893081757,0.1811402580918129,0.07679083094555939,0.8126550868486353,0.09932159659910601,0.0881439902738683,0.10559970236137915
2022-05-31,0.1919488136496934,0.18298212856761786,0.20779220779220786,0.20911949685534603,0.1728297928140572,0.1750524109014675,0.1939919610746772,0.07679083094555939,0.8126550868486353,0.20359247985256457,0.19697936292196447,0.1621904999915444
2022-05-30,0.18661690215942395,0.18564950653507584,0.2394805194805194,0.1795073375262053,0.21059533175976908,0.20911949685534603,0.2094351597207531,0.07679083094555939,0.8126550868486353,0.09830726557353257,0.08900738741613848,0.1663544342329511
2022-05-27,0.17808584377499326,0.17551347025873554,0.22077922077922052,0.17924528301886777,0.17492787831104106,0.1795073375262053,0.19171779141104306,0.07679083094555939,0.8126550868486353,0.12623144972696082,0.11670007285644496,0.1832131066218956
2022-05-26,0.10050653159157541,0.1493731661776474,0.1428571428571428,0.10167714884696011,0.18332022029897743,0.17924528301886777,0.13565686481912387,0.07679083094555939,0.8126550868486353,0.23155386665575717,0.21876886532674159,0.27241449936018974
2022-05-25,0.12263396427619311,0.11923179514537185,0.1405194805194805,0.14334381551362663,0.09861001835824812,0.10167714884696011,0.12867569282843228,0.07679083094555939,0.8126550868486353,0.15658345766417298,0.14231950303440605,0.1708904167504402
2022-05-24,0.1300986403625699,0.13176847159242477,0.18285714285714283,0.1373165618448633,0.14870180959874135,0.14334381551362663,0.15258091812989205,0.07679083094555939,0.8126550868486353,0.23363184344431875,0.22296364993956766,0.1425395865002847
2022-05-23,0.1338309784057583,0.15630834889303813,0.17922077922077895,0.14517819706498925,0.1382113821138211,0.1373165618448633,0.16485085678019873,0.07679083094555939,0.8126550868486353,0.16993917427410604,0.1593045353815947,0.20171781077775003
2022-05-20,0.08984270861103694,0.11683115497465968,0.15142857142857125,0.06708595387840655,0.14607920272751107,0.14517819706498925,0.13856568648191248,0.07679083094555939,0.5840570719602978,0.17162767553460356,0.15845703206588685,0.1658546118014465
2022-05-19,0.05891762196747541,0.04214457188583598,0.10103896103896082,0.12211740041928687,0.07526881720430101,0.06708595387840655,0.06833086524222542,0.07679083094555939,0.5840570719602978,0.18210333177193105,0.16188241541859072,0.30111858756945376
2022-05-18,0.15942415355905082,0.14137103227527348,0.16675324675324665,0.1708595387840668,0.12378704432205634,0.12211740041928687,0.15162894013116146,0.07679083094555939,0.5840570719602978,0.20710858944030774,0.19585055119688985,0.26765679110240914
2022-05-17,0.10823780325246579,0.14697252600693522,0.16181818181818164,0.10639412997903541,0.17204301075268802,0.1708595387840668,0.14919610746773815,0.07679083094555939,0.5840570719602978,0.22852915434079812,0.21735556481110305,0.2696917824306779
2022-05-16,0.03732338043188488,0.10349426513736981,0.07194805194805198,0.05214884696016764,0.11198531340152096,0.10639412997903541,0.10836682885551108,0.07679083094555939,0.5840570719602978,0.4201784226606729,0.4040126288121235,0.4148958358778555
2022-05-13,0.16768861636896792,0.18618298212856743,0.0766233766233766,0.14648846960167683,0.0306845003933911,0.05214884696016764,0.14512375713983472,0.07679083094555939,0.5288461538461537,1.0,0.9999999999999999,1.0
2022-05-12,0.18661690215942395,0.16484395838890364,0.1628571428571428,0.2193396226415092,0.147128245476003,0.14648846960167683,0.14983075946689217,0.07679083094555939,0.5288461538461537,0.2643351539065997,0.253850055053192,0.4714265044937044
2022-05-11,0.1986137030125299,0.19685249399839977,0.2007792207792205,0.2122641509433958,0.22947810123262524,0.2193396226415092,0.1957372540723501,0.07679083094555939,0.5288461538461537,0.1919789458300829,0.18514211064089028,0.3356025772798762
2022-05-10,0.2079445481205009,0.21579087756735138,0.2519480519480517,0.21593291404612147,0.20639916076580134,0.2122641509433958,0.23032578802623238,0.07679083094555939,0.5288461538461537,0.12462563642392745,0.1180645743861301,0.22645338404213544
2022-05-09,0.20847773926952806,0.22192584689250472,0.2535064935064937,0.258123689727463,0.2192499344348282,0.21593291404612147,0.2293738100275018,0.07679083094555939,0.5288461538461537,0.17072814076179627,0.1664018426481765,0.20220447998737295
2022-05-06,0.17595307917888547,0.234729261136303,0.23896103896103904,0.23742138364779874,0.26671911880409116,0.258123689727463,0.23413370002115474,0.07679083094555939,0.44602977667493793,0.22557169097028967,0.22456744417670557,0.28752755130226293
2022-05-05,0.25059984004265523,0.2768738330221394,0.27870129870129867,0.23558700209643568,0.23787044322056117,0.23742138364779874,0.2788237782949019,0.07679083094555939,0.44602977667493793,0.18087245602623409,0.18208865599370208,0.22925314127124014
2022-05-04,0.2879232204745401,0.2899439850626835,0.2727272727272725,0.29507337526205424,0.2300026226068712,0.23558700209643568,0.27903532896128613,0.07679083094555939,0.44602977667493793,0.18979516588387757,0.19166610409637266,0.29831507227695425
2022-05-02,0.2913889629432149,0.28220858895705536,0.29246753246753254,0.32285115303983236,0.2950432730133752,0.29507337526205424,0.27982864396022844,0.07679083094555939,0.44602977667493793,0.2581629969207053,0.2649775812298074,0.3178964615954107
2022-04-29,0.37376699546787506,0.3755668178180849,0.35844155844155834,0.3815513626834379,0.32126934172567534,0.32285115303983236,0.36571821451237563,0.07679083094555939,0.4326923076923075,0.15946209716240473,0.16723390924643838,0.15101965655058636
2022-04-28,0.3260463876299653,0.362229927980795,0.37142857142857144,0.3278301886792452,0.3831628638867035,0.3815513626834379,0.36280939284958746,0.07679083094555939,0.4326923076923075,0.14663990155211987,0.15278609576493563,0.13447478245510525
2022-04-27,0.330578512396694,0.32381968524939975,0.3472727272727272,0.3710691823899368,0.3314975085234724,0.3278301886792452,0.32970171356039746,0.07679083094555939,0.4326923076923075,0.15032291189558278,0.15390945549990268,0.14983022948614122
2022-04-26,0.325246600906425,0.3510269405174711,0.38155844155844143,0.3147274633123689,0.37162339365329133,0.3710691823899368,0.36952612650729844,0.07679083094555939,0.4326923076923075,0.14633529727628952,0.15303615783871402,0.18009579303593276
2022-04-25,0.30391895494534804,0.30461456388370234,0.33792207792207796,0.3453878406708597,0.3165486493574612,0.3147274633123689,0.32060503490586,0.07679083094555939,0.4326923076923075,0.179608553615213,0.18496543588232392,0.23120169714142913
2022-04-22,0.3993601706211676,0.3809015737530008,0.38441558441558454,0.42767295597484223,0.3401521111985315,0.3453878406708597,0.3735455891686059,0.07679083094555939,0.3213399503722085,0.2264456326766312,0.24231270837386112,0.2736790876925303
2022-04-21,0.4020261263663021,0.4049079754601226,0.45298701298701305,0.390985324947589,0.4314188303173352,0.42767295597484223,0.4273323460968901,0.07679083094555939,0.3213399503722085,0.10991975993183824,0.1168533436895656,0.08613481300816063
2022-04-20,0.3945614502799253,0.38196852493998446,0.4259740259740261,0.40408805031446526,0.39103068450039347,0.390985324947589,0.4006769621324304,0.07679083094555939,0.3213399503722085,0.14190099094377995,0.15078664612740794,0.16988137672894404
2022-04-19,0.4012263396427618,0.42064550546812507,0.4161038961038961,0.39203354297693904,0.3773931287699974,0.40408805031446526,0.4312989210916016,0.07679083094555939,0.3213399503722085,0.28886842136681085,0.320077461421889,0.33383440845263623
2022-04-18,0.3945614502799253,0.38890370765537474,0.4103896103896103,0.4350104821802936,0.3957513768686076,0.39203354297693904,0.39686905013750806,0.07679083094555939,0.3213399503722085,0.1871415963520125,0.2011207801749337,0.2699886694388648
2022-04-13,0.4068248467075444,0.42037876767137883,0.46103896103896114,0.40959119496855356,0.4356150013113038,0.4350104821802936,0.437063676750582,0.07679083094555939,0.3213399503722085,0.20357421641853957,0.2239892158675433,0.1636204431132549
2022-04-12,0.39856038389762727,0.3979727927447323,0.41220779220779225,0.42033542976939176,0.4083398898505113,0.40959119496855356,0.4012058387983921,0.07679083094555939,0.3213399503722085,0.18659572067640623,0.20096126345841794,0.21907066850310702
2022-04-11,0.40255931751532925,0.4262469991997868,0.45818181818181847,0.4266247379454926,0.42145292420666136,0.42033542976939176,0.4432515337423313,0.07679083094555939,0.3213399503722085,0.15037395940662418,0.1640789295497903,0.22199819988763392
2022-04-08,0.43455078645694467,0.41291010936249695,0.4537662337662338,0.4205974842767297,0.42722265932336745,0.4266247379454926,0.4319335730907552,0.07679083094555939,0.3213399503722085,0.1712079631067543,0.18670308020745732,0.14859946372435356
2022-04-07,0.3841642228739004,0.4150440117364629,0.4418181818181819,0.41535639412997893,0.4295830055074741,0.4205974842767297,0.4264861434313518,0.07679083094555939,0.3213399503722085,0.27601165692267415,0.30482031024824485,0.2440129352542048
2022-04-06,0.3679018928285789,0.3899706588423584,0.4207792207792207,0.391509433962264,0.4096511932861264,0.41535639412997893,0.4034800084620267,0.07679083094555939,0.3213399503722085,0.17407807735874287,0.18714414068009746,0.17566127823010247
2022-04-05,0.40735803785657154,0.39637236596425707,0.42961038961038955,0.40723270440251547,0.3847364280094414,0.391509433962264,0.41262957478316054,0.07679083094555939,0.3213399503722085,0.17172339394974018,0.1853989446288671,0.16802677244362435
2022-04-04,0.3801652892561984,0.38837023206188315,0.4207792207792207,0.38522012578616316,0.4067663257277738,0.40723270440251547,0.4071292574571612,0.07679083094555939,0.3213399503722085,0.21772492956838363,0.23656607945437516,0.25370873881271505
2022-04-01,0.28259130898427065,0.360896238997066,0.34285714285714297,0.30843815513626804,0.3847364280094414,0.38522012578616316,0.36455468584726036,0.07679083094555939,0.3213399503722085,0.2570597572803481,0.27510262012095066,0.2521134409016346
2022-03-31,0.3001866169021592,0.295812216591091,0.3490909090909091,0.31236897274633124,0.3076317859952793,0.30843815513626804,0.31737888724349483,0.07679083094555939,0.3213399503722085,0.11347790660776415,0.11277088561789544,0.11557172357940508
2022-03-30,0.3268461743535056,0.3110162710056015,0.3496103896103895,0.3160377358490565,0.3060582218725414,0.31236897274633124,0.32864396022847453,0.07679083094555939,0.3213399503722085,0.2212606368258443,0.23123815917415705,0.2507060461602927
2022-03-29,0.330578512396694,0.3163510269405174,0.3464935064935064,0.32914046121593277,0.31917125622869147,0.3160377358490565,0.32573513856568637,0.07679083094555939,0.3213399503722085,0.18383626134821607,0.19009444384597826,0.16226941932283456
2022-03-28,0.28232471340975707,0.30141371032275277,0.2958441558441556,0.29350104821802914,0.3309729871492264,0.32914046121593277,0.3026761159297653,0.07679083094555939,0.3213399503722085,0.22606837320263512,0.2333539835189141,0.26080584153374087
2022-03-25,0.28659024260197263,0.27313950386769825,0.31999999999999984,0.2746331236897275,0.29976396538158934,0.29350104821802914,0.2940554262745927,0.07679083094555939,0.3213399503722085,0.1360076718898875,0.13531585072612032,0.15406932499544335
2022-03-24,0.25059984004265523,0.2811416377700722,0.30389610389610366,0.2932389937106916,0.27406241804353515,0.2746331236897275,0.2908821662788239,0.07679083094555939,0.3213399503722085,0.25095434673455264,0.25870310298369936,0.24039579923673737
2022-03-23,0.32258064516129004,0.32168578287543337,0.3335064935064933,0.3092243186582806,0.29006031995803827,0.2932389937106916,0.32097524857203297,0.07679083094555939,0.3213399503722085,0.20980648332154272,0.217866085789891,0.19805557799954532
2022-03-22,0.2804585443881633,0.2864763937049881,0.27142857142857135,0.2929769392033541,0.3170731707317076,0.3092243186582806,0.2742225513010368,0.07679083094555939,0.3213399503722085,0.3892832595024483,0.4043627068331892,0.37765154860397343
2022-03-21,0.3412423353772325,0.319551880501467,0.3324675324675326,0.35220125786163514,0.2916338840807762,0.2929769392033541,0.3114025809181298,0.07679083094555939,0.3213399503722085,0.2663618752512847,0.2780963102132691,0.3024376678210185
2022-03-17,0.325246600906425,0.3275540144038409,0.38077922077922066,0.3042452830188678,0.34801993181222146,0.35220125786163514,0.3535540511952613,0.07679083094555939,0.3213399503722085,0.3336560970767711,0.3580259618465067,0.2967329275877555
2022-03-16,0.2932551319648091,0.2784742598026142,0.3345454545454545,0.2680817610062891,0.30055074744295807,0.3042452830188678,0.30553204992595706,0.07679083094555939,0.3213399503722085,0.2169297944065825,0.22381055365088084,0.20502866462854363
2022-03-15,0.2719274860037322,0.25820218724993316,0.28909090909090907,0.2644129979035639,0.2640965119328613,0.2680817610062891,0.2706790776390946,0.07679083094555939,0.3213399503722085,0.4074241864320256,0.4230604073391915,0.4457006815247967
2022-03-14,0.17595307917888547,0.2341957855428114,0.23662337662337674,0.1868448637316562,0.26671911880409116,0.2644129979035639,0.24323037867569264,0.07679083094555939,0.3213399503722085,0.41688149160896576,0.4276686788847288,0.3985858407445475
2022-03-11,0.15142628632364685,0.17444651907175235,0.19220779220779205,0.1781970649895177,0.18987673747705225,0.1868448637316562,0.1891791834144274,0.07679083094555939,0.3213399503722085,0.3188172475365721,0.31552819318504877,0.2937095655866619
2022-03-10,0.1700879765395893,0.18431581755134685,0.1903896103896101,0.08909853249475885,0.17178075006556526,0.1781970649895177,0.18780410408292791,0.07679083094555939,0.3213399503722085,0.534755323613409,0.5383387568043438,0.4988171495464957
2022-03-09,0.021327645961076946,0.065084022405975,0.07038961038961045,0.02935010482180278,0.09257802255441927,0.08909853249475885,0.058229320922360994,0.07679083094555939,0.3213399503722085,0.49625354415019696,0.468413147574664,0.5350843403377372
2022-03-08,0.0,0.0,0.0,0.02935010482180278,0.02806189352216082,0.02935010482180278,0.0,0.07679083094555939,0.3213399503722085,0.6726305269349004,0.6232658104848643,0.6930225915980978
2022-03-07,0.05065315915755786,0.06321685782875441,0.04389610389610388,0.1428197064989516,0.03409388932599011,0.02935010482180278,0.02861222762851723,0.07679083094555939,0.3213399503722085,0.5203243170017167,0.48478740435288936,0.7731501402697163
2022-03-04,0.11890162623300427,0.15364097092558016,0.16961038961038932,0.17138364779874182,0.14581694204038786,0.1428197064989516,0.15638883012481486,0.07679083094555939,0.3213399503722085,0.2944364121722981,0.28544189203221515,0.39146243157975835
2022-03-03,0.22394028259130883,0.22032542011202993,0.20571428571428596,0.20728511530398297,0.16784683975871983,0.17138364779874182,0.19044848741273546,0.07679083094555939,0.3213399503722085,0.28879314968046876,0.2846852090978639,0.36116492449111126
2022-03-02,0.21327645961077035,0.20112029874633253,0.21818181818181825,0.25419287211740027,0.211644374508261,0.20728511530398297,0.20446371906071503,0.07679083094555939,0.3213399503722085,0.31730174639496017,0.316377173909807,0.4819208965236035
2022-02-28,0.20741135697147417,0.23046145638837023,0.2498701298701298,0.2528825995807127,0.2572777340676633,0.25419287211740027,0.23958112968055856,0.07679083094555939,0.3213399503722085,0.2491260972810651,0.2500630624633,0.3324551991867551
2022-02-25,0.22394028259130883,0.2656708455588155,0.28207792207792215,0.19889937106918198,0.25753999475478606,0.2528825995807127,0.2689337846414217,0.07679083094555939,0.3213399503722085,0.3136358731826649,0.3226902858814118,0.34228253496408234
2022-02-24,0.22394028259130883,0.2445985596158975,0.22337662337662323,0.3354297693920332,0.18987673747705225,0.19889937106918198,0.2396340173471545,0.07679083094555939,0.3213399503722085,0.49668174716881686,0.5110980026499374,0.6904501972043767
2022-02-23,0.34657424686750193,0.33742331288343586,0.3753246753246753,0.33385744234800807,0.3330710726462103,0.3354297693920332,0.35371271419504957,0.07679083094555939,0.3213399503722085,0.1768705806799934,0.18529903947231083,0.20876981673803857
2022-02-22,0.3353772327379363,0.33715657508669006,0.366233766233766,0.4043501048218028,0.33175976921059513,0.33385744234800807,0.34726041887031966,0.07679083094555939,0.3213399503722085,0.40575852312792743,0.43623292858056817,0.41864638314583735
2022-02-21,0.39216209010930436,0.4022405974926646,0.4137662337662338,0.4224318658280919,0.4030946761080516,0.4043501048218028,0.4092447641210071,0.07679083094555939,0.3213399503722085,0.22829062072335227,0.24870121338173581,0.2325057451394148
2022-02-18,0.384430818448414,0.42037876767137883,0.4420779220779223,0.4101153039832286,0.42145292420666136,0.4224318658280919,0.4305056060926593,0.07679083094555939,0.3213399503722085,0.19786815821048015,0.21679154471483417,0.1954944577960086
2022-02-17,0.4372167422020792,0.4155774873299549,0.4475324675324672,0.42976939203354325,0.4036191974822976,0.4101153039832286,0.42727945843029413,0.07679083094555939,0.3213399503722085,0.22034453673716614,0.24189108743676493,0.22640640824970076
2022-02-16,0.47187416688882955,0.4582555348092825,0.46233766233766227,0.4722222222222219,0.42145292420666136,0.42976939203354325,0.4521895493970809,0.07679083094555939,0.3213399503722085,0.2786601840832856,0.3114781318079992,0.3014286277995224
2022-02-15,0.3412423353772325,0.45212056548412916,0.3745454545454545,0.34958071278825953,0.46865984788880155,0.4722222222222219,0.40184049079754613,0.07679083094555939,0.3213399503722085,0.349169238146048,0.3834075710097261,0.39040265770243276
2022-02-14,0.4105571847507332,0.39210456121632475,0.388051948051948,0.49737945492662483,0.3440860215053765,0.34958071278825953,0.39253226147662357,0.07679083094555939,0.3213399503722085,0.38920291078938013,0.42656544012932407,0.56635518584563
2022-02-11,0.5238603039189549,0.5100026673779676,0.5303896103896104,0.5547693920335424,0.4909520062942567,0.49737945492662483,0.517400042310133,0.07679083094555939,0.3213399503722085,0.1891327611818785,0.2160272373033991,0.21536145993246764
2022-02-10,0.528392428685684,0.5433448919711927,0.5683116883116881,0.5269916142557651,0.5541568318908996,0.5547693920335424,0.5601332769198226,0.07679083094555939,0.3213399503722085,0.25934951366155984,0.303910535614321,0.31049119767601363
2022-02-09,0.5169288189816053,0.5036009602560685,0.5337662337662339,0.5065513626834379,0.5331759769210596,0.5269916142557651,0.51977998730696,0.07679083094555939,0.3213399503722085,0.19344840717643447,0.22133269682751158,0.24063443626230535
2022-02-08,0.5198613703012529,0.5097359295812218,0.48831168831168803,0.516509433962264,0.5022292158405453,0.5065513626834379,0.4969325153374231,0.07679083094555939,0.3213399503722085,0.39638030173930794,0.454560715914337,0.45532132381541146
2022-02-07,0.5006664889362833,0.5702854094425183,0.5207792207792208,0.5010482180293496,0.5205874639391554,0.516509433962264,0.5492384176010154,0.07679083094555939,0.3213399503722085,0.8420843166607068,0.9918666048469315,0.9425899445497747
2022-02-04,0.5553185817115436,0.5564150440117364,0.5314285714285711,0.5524109014675052,0.4972462627852088,0.5010482180293496,0.5365982652845354,0.046991404011461846,0.08219602977667484,0.3749865775022945,0.43695239276622155,0.493888449404253
2022-02-03,0.5286590242601972,0.5473459589223797,0.5825974025974023,0.5508385744234796,0.5525832677681617,0.5524109014675052,0.5635180875819761,0.02750716332378378,0.08219602977667484,0.3296707870464013,0.3879780292291981,0.4890894024491299
2022-02-02,0.5259930685150627,0.5449453187516671,0.5524675324675323,0.5115303983228507,0.5507474429583006,0.5508385744234796,0.5420985826105356,0.022349570200574043,0.08219602977667484,0.3113759378355679,0.3628876234911924,0.2996360315602164
2022-02-01,0.5649160223940286,0.5433448919711927,0.49350649350649345,0.5429769392033537,0.5137686860739579,0.5115303983228507,0.5243812143008251,0.01891117478510118,0.08219602977667484,0.4947638959910948,0.5751827872593603,0.5022463823942246
2022-01-31,0.48520394561450253,0.5270738863696987,0.53012987012987,0.4651467505241089,0.5418305795961187,0.5429769392033537,0.5351702982864395,0.0,0.08219602977667484,0.43288440114381777,0.5048506608551591,0.47402144726779405
2022-01-28,0.5118635030658489,0.5030674846625769,0.5007792207792208,0.4939727463312371,0.46498819826907933,0.4651467505241089,0.5042310133276917,0.0,0.0,0.36428420516365506,0.4185810344749238,0.46393480511622753
2022-01-27,0.34950679818715,0.4734595892237934,0.40623376623376606,0.41902515723270417,0.4948859166011017,0.4939727463312371,0.4549925957266767,0.0,0.0,0.5495866702438046,0.6217915502252844,0.6176208076454042
2022-01-25,0.27725939749400164,0.4022405974926646,0.3324675324675326,0.31158280922431825,0.4127983215316027,0.41902515723270417,0.38618574148508555,0.0,0.0,0.3136263775831908,0.3410732710508767,0.42800959809391026
2022-01-24,0.34337509997334026,0.345158708989064,0.32727272727272716,0.3563941299790354,0.30972987149226316,0.31158280922431825,0.33250475988999373,0.0,0.0,0.2866331260606849,0.30314863295375716,0.3609112552119642
2022-01-21,0.35883764329512147,0.34889303814350514,0.3792207792207791,0.4019916142557647,0.3640178337267246,0.3563941299790354,0.3634440448487415,0.0,0.0,0.22969432331057216,0.24468926890607565,0.2863136968257518
2022-01-20,0.41588909624100223,0.4110429447852759,0.4311688311688311,0.42505241090146706,0.4004720692368213,0.4019916142557647,0.4197694097736404,0.0,0.0,0.2431527933965661,0.26675950287645267,0.24478709631352774
2022-01-19,0.3572380698480404,0.403040810882902,0.39116883116883105,0.3778825995807127,0.4217151848937841,0.42505241090146706,0.39226782314364295,0.0,0.0,0.21464546160682213,0.23138733786994867,0.23875164650152486
2022-01-18,0.40522527326046376,0.40197385969591926,0.4155844155844157,0.41561844863731645,0.38158929976396516,0.3778825995807127,0.4138988787814686,0.0,0.0,0.15422449430431245,0.16580547143566796,0.1526750834759832
2022-01-17,0.37323380431884834,0.40970925580154693,0.4288311688311688,0.38600628930817615,0.4172567532126936,0.41561844863731645,0.42801988576264005,0.0,0.0,0.2379123487897261,0.26187839671680013,0.3151230108100694
2022-01-14,0.37856571580911735,0.3640970925580156,0.41636363636363605,0.4017295597484276,0.38342512457382627,0.38600628930817615,0.3880896974825472,0.0,0.0,0.08720198871122241,0.08866053508616184,0.1655295393177988
2022-01-13,0.3838976272993868,0.37743398239530546,0.4259740259740261,0.3959643605870018,0.4030946761080516,0.4017295597484276,0.4015231647979691,0.0,0.0,0.11711659260185715,0.12305925063258524,0.18222849401246555
2022-01-12,0.38336443615035964,0.3809015737530008,0.4337662337662338,0.37342767295597445,0.39496459480723844,0.3959643605870018,0.40517241379310365,0.0,0.0,0.18709711605301615,0.2019356127601948,0.2172574029151298
2022-01-11,0.34657424686750193,0.3504934649239799,0.3857142857142857,0.36137316561844823,0.3729346970889065,0.37342767295597445,0.3689443621747408,0.0,0.0,0.21513918079626598,0.22923362619328683,0.28356843151587124
2022-01-10,0.29512130098640377,0.33528941050946903,0.35064935064935066,0.2963836477987418,0.36768948334644636,0.36137316561844823,0.34472181087370446,0.0,0.0,0.21036233977323854,0.22117835851656723,0.2172310964713664
2022-01-07,0.2956544921354305,0.3192851427047212,0.3348051948051949,0.2987421383647795,0.2968790978232363,0.2963836477987418,0.3222974402369365,0.0,0.0,0.33016727867364776,0.3490592905657478,0.35892887677122226
2022-01-06,0.2649960010663821,0.27900773539610535,0.3137662337662337,0.30241090146750516,0.29740361919748226,0.2987421383647795,0.29617093293843855,0.0,0.0,0.25123100137178495,0.25969353075056245,0.24849442585246972
2022-01-05,0.23407091442282058,0.28220858895705536,0.28129870129870094,0.25576519916142537,0.29923944400734337,0.30241090146750516,0.2911994922784005,0.0,0.0,0.36391891915541913,0.380281307121191,0.3331823844536434
2022-01-04,0.18395094641428944,0.22726060282742067,0.239220779220779,0.18920335429769386,0.25753999475478606,0.25576519916142537,0.24037444467950042,0.0,0.0,0.3397034423783372,0.34569905686999547,0.34439644562364125
2022-01-03,0.12796587576646212,0.1595092024539877,0.18233766233766247,0.13495807127882564,0.19328612640965126,0.18920335429769386,0.17310133276919837,0.0,0.0,0.1634429019813452,0.1534356634583603,0.19702398959768053
